hadoop,1,97
get,2,93
yarn,3,82
application,4,75
priority,5,75
app,6,69
string,7,54
org,8,49
report,9,44
java,10,43
import,11,41
apache,12,40
server,13,37
info,14,33
status,15,29
proto,16,29
return,17,27
time,18,27
this,19,26
set,20,25
test,21,25
null,22,23
public,23,23
long,24,22
int,25,22
lease,26,20
private,27,19
lm,28,19
type,29,19
state,30,19
assert,31,18
id,32,18
append,33,18
utils,34,18
project,35,17
src,36,17
blocks,37,17
total,38,17
fs,39,17
is,40,17
new,41,16
queue,42,16
builder,43,16
if,44,15
final,45,15
service,46,15
hdfs,47,14
main,48,14
util,49,13
tags,50,13
web,51,13
namesystem,52,12
name,53,12
void,54,12
protected,55,12
services,56,12
token,57,12
manager,58,11
file,59,11
unmanaged,60,11
th,61,11
to,62,11
am,63,11
println,64,11
log,65,11
node,66,10
complete,67,10
progress,68,10
count,69,10
holder,70,10
user,71,10
client,72,10
pause,73,10
monitor,74,10
block,75,9
path,76,9
api,77,9
start,78,9
impl,79,9
static,80,8
that,81,8
records,82,8
resourcemanager,83,8
rm,84,8
resource,85,8
str,86,8
aggregation,87,8
pb,88,8
num,89,7
exception,90,7
junit,91,7
permission,92,7
fsn,93,7
add,94,7
inode,95,7
finish,96,7
xml,97,7
element,98,7
usage,99,7
pw,100,7
namenode,101,6
backup,102,6
safe,103,6
mode,104,6
common,105,6
class,106,6
mock,107,6
check,108,6
webapp,109,6
finished,110,6
diagnostics,111,6
allocated,112,6
protos,113,6
leases,114,5
system,115,5
stub,116,5
containers,117,5
started,118,5
tracking,119,5
elapsed,120,5
match,121,5
cli,122,5
format,123,5
override,124,5
hs,125,5
jvm,126,5
equals,127,4
timeout,128,4
remove,129,4
throws,130,4
when,131,4
running,132,4
then,133,4
boolean,134,4
escape,135,4
submission,136,4
context,137,4
float,138,4
mb,139,4
print,140,4
convert,141,4
init,142,4
url,143,4
mapreduce,144,4
history,145,4
metrics,146,4
image,147,3
prog,148,3
phase,149,3
write,150,3
uc,151,3
lock,152,3
array,153,3
collection,154,3
hash,155,3
not,156,3
make,157,3
directory,158,3
has,159,3
abstract,160,3
apps,161,3
cluster,162,3
verify,163,3
generic,164,3
host,165,3
container,166,3
cores,167,3
preempted,168,3
clarify,169,3
page,170,3
targets,171,3
render,172,3
sb,173,3
job,174,3
admin,175,3
super,176,3
stop,177,3
try,178,2
all,179,2
startup,180,2
safemode,181,2
finally,182,2
unlock,183,2
read,184,2
io,185,2
list,186,2
collections,187,2
synchronized,188,2
size,189,2
files,190,2
com,191,2
google,192,2
rule,193,2
mockito,194,2
the,195,2
infinite,196,2
loop,197,2
dir,198,2
true,199,2
dummy,200,2
short,201,2
empty,202,2
unstable,203,2
tbody,204,2
table,205,2
html,206,2
value,207,2
of,208,2
unavailable,209,2
dao,210,2
json,211,2
ui,212,2
http,213,2
address,214,2
logs,215,2
prioirty,216,2
succeeded,217,2
false,218,2
instance,219,2
attempt,220,2
clear,221,2
from,222,2
or,223,2
via,224,2
maybe,225,2
orig,226,2
record,227,2
amrm,228,2
higher,229,2
numeric,230,2
fair,231,2
scheduler,232,2
else,233,2
shutdown,234,2
agg,235,2
del,236,2
store,237,2
default,238,2
jm,239,2
config,240,2
checkpointer,0,1
loaded,0,1
bn,0,1
save,0,1
in,0,1
dirs,0,1
txid,0,1
rolling,0,1
upgrade,0,1
populating,0,1
repl,0,1
queues,0,1
begin,0,1
step,0,1
awaiting,0,1
reported,0,1
activate,0,1
conf,0,1
under,0,1
construction,0,1
comparator,0,1
map,0,1
visible,0,1
for,0,1
testing,0,1
sorted,0,1
by,0,1
code,0,1
unmodifiable,0,1
package,0,1
hamcrest,0,1
core,0,1
matchers,0,1
collect,0,1
lists,0,1
blockmanagement,0,1
rules,0,1
does,0,1
enter,0,1
an,0,1
while,0,1
holding,0,1
and,0,1
thus,0,1
become,0,1
unresponsive,0,1
period,0,1
invalid,0,1
reassign,0,1
foo,0,1
bytes,0,1
stable,0,1
hamlet,0,1
thead,0,1
tr,0,1
starttime,0,1
finishtime,0,1
finalstatus,0,1
runningcontainer,0,1
script,0,1
object,0,1
incorrect,0,1
number,0,1
elements,0,1
length,0,1
double,0,1
non,0,1
doesn,0,1
any,0,1
result,0,1
run,0,1
protobuf,0,1
text,0,1
merge,0,1
local,0,1
resources,0,1
factory,0,1
integer,0,1
indicates,0,1
clairfy,0,1
undefined,0,1
completed,0,1
yet,0,1
parse,0,1
date,0,1
searchable,0,1
cpu,0,1
vcores,0,1
memory,0,1
times,0,1
used,0,1
rmapp,0,1
current,0,1
rpc,0,1
port,0,1
create,0,1
diags,0,1
composite,0,1
exit,0,1
options,0,1
parser,0,1
hook,0,1
uncaught,0,1
handler,0,1
aggregated,0,1
deletion,0,1
initialize,0,1
singleton,0,1
